date,totalLiquidityUSD
1541203200,34684.037746670474
1541289600,41292.993048786346
1541376000,41550.309964509484
1541462400,43233.56007436587
1541548800,153862.56649807122
1541635200,180275.4550184856
1541721600,175688.1988364224
1541808000,172419.60680682247
1541894400,187973.52715801375
1541980800,200874.4507641383
1542067200,202987.10149745102
1542153600,198742.09330305678
1542240000,199320.91444163868
1542326400,199675.6364049918
1542412800,203354.83025237784
1542499200,199018.45419896563
1542585600,201043.42004620985
1542672000,201101.15224329697
1542758400,171076.2995945524
1542844800,183355.48253736814
1542931200,185020.64047128375
1543017600,172090.5491708536
1543104000,157853.35263600005
1543190400,157430.5879104443
1543276800,169572.7608140029
1543363200,172250.69575800115
1543449600,201461.8247516608
1543536000,199640.59008343634
1543622400,191919.31287896034
1543708800,205556.6305067618
1543795200,205917.35065692055
1543881600,207727.61188993693
1543968000,219268.99677457116
1544054400,204126.61889477784
1544140800,193314.7386939166
1544227200,196469.63704499768
1544313600,262277.64186020015
1544400000,297002.40643133305
1544486400,292823.2229091372
1544572800,286427.2094062118
1544659200,299409.72327327006
1544745600,298900.94361074775
1544832000,278528.5827856993
1544918400,274653.4717093217
1545004800,302708.50775027915
1545091200,341901.04620007804
1545177600,374067.0492807147
1545264000,372948.49782688246
1545350400,428377.81137497444
1545436800,406059.38397426164
1545523200,426752.69458523
1545609600,470097.4023911613
1545696000,497546.857597188
1545782400,470896.42112037155
1545868800,463681.5924919998
1545955200,427861.77590136667
1546041600,452144.0375417708
1546128000,500614.36534919095
1546214400,489227.3311593374
1546300800,466994.1364410573
1546387200,479731.4555817096
1546473600,522615.71226183546
1546560000,274371878.64835596
1546646400,289214796.324462
1546732800,297915673.9290046
1546819200,286777956.3494508
1546905600,285669360.29546034
1546992000,278833689.2710244
1547078400,106532191.3862532
1547164800,244948783.0334052
1547251200,279356905.92841864
1547337600,245945948.64390212
1547424000,178982087.22489065
1547510400,249861835.36283192
1547596800,251909933.4387801
1547683200,255135950.04221785
1547769600,266345404.20242217
1547856000,233277442.51878223
1547942400,240280521.06012094
1548028800,237042982.90337703
1548115200,229816955.9589801
1548201600,224120827.05573228
1548288000,231812553.80569145
1548374400,229758095.23232263
1548460800,230073924.29898643
1548547200,233508524.10499412
1548633600,228276987.94097173
1548720000,99860042.92117938
1548806400,207144287.83906347
1548892800,210834320.90296355
1548979200,216900931.84018788
1549065600,215408814.759429
1549152000,218184390.42415357
1549238400,218220009.67588502
1549324800,217560703.99340916
1549411200,219312578.50966853
1549497600,211838741.92938888
1549584000,217117926.38946965
1549670400,222104977.20600754
1549756800,247812497.72454038
1549843200,244537336.77052528
1549929600,250933494.07758734
1550016000,248854093.4880317
1550102400,254582578.27356663
1550188800,251319580.11911052
1550275200,255275171.38275808
1550361600,255244964.29411805
1550448000,267446959.8953169
1550534400,290648117.71085745
1550620800,310188382.5138751
1550707200,307478124.44027084
1550793600,307365296.79602313
1550880000,315549152.59256214
1550966400,316199141.89152235
1551052800,350296629.58705574
1551139200,296128702.6677764
1551225600,295504960.7140348
1551312000,298767438.17097634
1551398400,296493419.10149014
1551484800,301083795.3288342
1551571200,290421740.5580791
1551657600,292343891.9616836
1551744000,276102409.91060185
1551830400,282725575.69480187
1551916800,306437608.2889112
1552003200,309366909.02335155
1552089600,301111127.7163333
1552176000,311446781.6309267
1552262400,300529025.1239131
1552348800,297874912.69626033
1552435200,299745253.0260711
1552521600,294368889.09764206
1552608000,297344564.63542014
1552694400,303196162.8576466
1552780800,321858254.66143847
1552867200,321777909.82176155
1552953600,317702165.19809437
1553040000,314883397.02415776
1553126400,315334005.8234227
1553212800,312695904.8735388
1553299200,305343202.7961671
1553385600,307080490.30828774
1553472000,308232386.9407688
1553558400,302281892.2415214
1553644800,298437920.3349767
1553731200,313603413.537449
1553817600,306679736.3803517
1553904000,315414479.38812846
1553990400,320989546.6629193
1554076800,318234806.2636575
1554163200,315797725.18937993
1554249600,345047752.1604389
1554336000,376345852.8440682
1554422400,361609813.4649829
1554508800,370359094.63567907
1554595200,369642029.8751502
1554681600,380067459.444917
1554768000,399641460.9117817
1554854400,399571610.6380378
1554940800,407499477.991991
1555027200,372795697.0498861
1555113600,373316367.28055227
1555200000,365542601.70111346
1555286400,366278197.8155499
1555372800,369264028.57068205
1555459200,359298439.67703533
1555545600,371930103.4754332
1555632000,377838948.39400864
1555718400,380474527.83401394
1555804800,373746649.16765976
1555891200,363404892.0329343
1555977600,371161943.42243063
1556064000,378743476.6416767
1556150400,354902535.62005067
1556236800,350601417.5003403
1556323200,333854199.97644067
1556409600,331935354.5303272
1556496000,336672692.8671907
1556582400,326074098.9006192
1556668800,340570939.790675
1556755200,348043838.8083432
1556841600,341079873.0430404
1556928000,348923222.9350307
1557014400,344502886.6947216
1557100800,345357531.5903565
1557187200,345355038.0607484
1557273600,376082203.26194197
1557360000,355773309.17389834
1557446400,357371457.2308628
1557532800,353662253.3014344
1557619200,380541688.520235
1557705600,385908572.8638186
1557792000,392095037.2663873
1557878400,418285030.8787179
1557964800,459616077.4341475
1558051200,464166931.41488534
1558137600,429929092.23945487
1558224000,440514936.2394329
1558310400,470431999.443632
1558396800,460658584.9964333
1558483200,459230909.9218046
1558569600,459472548.0478033
1558656000,437468041.70030975
1558742400,470866709.1785052
1558828800,479118815.1938913
1558915200,460906114.14769506
1559001600,488747160.75559753
1559088000,477375818.3455182
1559174400,473495102.00653005
1559260800,494227302.809629
1559347200,452882807.9187562
1559433600,478412395.3149899
1559520000,480180302.67533255
1559606400,468952652.300308
1559692800,438073407.9267753
1559779200,439775419.93428934
1559865600,444297323.2990541
1559952000,447605913.5957063
1560038400,448351880.1790335
1560124800,438480354.1169965
1560211200,440517230.83969915
1560297600,435970535.7666492
1560384000,452550619.68512076
1560470400,464851007.99379796
1560556800,462761666.2712247
1560643200,473796146.7767388
1560729600,487334681.8870465
1560816000,491241569.1134842
1560902400,483154914.803848
1560988800,482631807.9593107
1561075200,483928790.6918802
1561161600,520731644.948296
1561248000,549489740.834414
1561334400,547492280.7627176
1561420800,548986684.6711022
1561507200,547421067.194046
1561593600,572294348.9556886
1561680000,533428657.93231225
1561766400,527010422.6511536
1561852800,522782750.8672238
1561939200,516677770.94552475
1562025600,509328879.6431101
1562112000,481481111.55509967
1562198400,510831384.79106134
1562284800,516380463.0677994
1562371200,515225053.3051125
1562457600,506982357.9119053
1562544000,514254031.9830238
1562630400,540719998.1824768
1562716800,545944678.8289315
1562803200,538958592.9660968
1562889600,484820427.7833299
1562976000,490934438.0645247
1563062400,474299359.8868121
1563148800,438399216.66570634
1563235200,437730157.6988632
1563321600,447412045.96190953
1563408000,426252539.4976402
1563494400,418617388.14084524
1563580800,419971290.90930843
1563667200,437987215.683558
1563753600,471705042.0230985
1563840000,421997289.6277974
1563926400,395512585.9982146
1564012800,430989389.6196425
1564099200,411929730.93968815
1564185600,409005871.7017575
1564272000,395584124.5890284
1564358400,397065079.1439975
1564444800,395728592.4733173
1564531200,395234876.4969375
1564617600,403575484.3309693
1564704000,403697344.92549974
1564790400,415102036.5890784
1564876800,421074736.8949151
1564963200,416022911.6162463
1565049600,438567310.0420733
1565136000,426136613.7503046
1565222400,424363724.7840797
1565308800,418595836.0098637
1565395200,422258068.1878044
1565481600,422289520.70734876
1565568000,428482439.16033405
1565654400,431621520.42682105
1565740800,436029653.5231872
1565827200,435178556.6702536
1565913600,403427131.0338797
1566000000,403783296.94482857
1566086400,409079853.7670608
1566172800,411885665.2351307
1566259200,440082726.6918445
1566345600,435681764.5311766
1566432000,420735922.32784355
1566518400,419490045.3134345
1566604800,425937784.2133222
1566691200,424220342.29537004
1566777600,426960805.37037617
1566864000,428554263.61115384
1566950400,421947089.89205974
1567036800,433092531.3069073
1567123200,402040103.1454249
1567209600,413086177.7095217
1567296000,408570838.6511902
1567382400,408380918.1426235
1567468800,414146275.1108909
1567555200,427311286.86723644
1567641600,437562586.7343335
1567728000,424462470.726065
1567814400,429101794.7534008
1567900800,415337562.94753104
1567987200,436983728.82339394
1568073600,440584279.6181926
1568160000,441784801.0145426
1568246400,437105242.46305084
1568332800,439301005.21562785
1568419200,444303049.37561905
1568505600,443846428.19346213
1568592000,463027763.26931304
1568678400,475705399.82893306
1568764800,489380673.19357836
1568851200,512192087.87745565
1568937600,507316805.8941327
1569024000,525964506.8014513
1569110400,521737600.1553576
1569196800,511752733.91683817
1569283200,508589383.63577
1569369600,479854945.0064637
1569456000,419784376.35864484
1569542400,430558486.47548413
1569628800,435489668.1866118
1569715200,452411042.7155572
1569801600,444355451.30424535
1569888000,448844437.0359003
1569974400,462916602.4264716
1570060800,456114081.10455775
1570147200,457463617.38916945
1570233600,455117554.21520114
1570320000,454603161.1712879
1570406400,450389169.21055025
1570492800,453173412.5231336
1570579200,470371925.1140622
1570665600,480974745.6620285
1570752000,498275034.3794145
1570838400,488657421.55881125
1570924800,485454138.1781906
1571011200,482396125.5027392
1571097600,485902720.2494505
1571184000,489271281.04327625
1571270400,469662766.37367284
1571356800,477060078.7857216
1571443200,474874218.572372
1571529600,477113167.19831437
1571616000,473488932.9384741
1571702400,482262007.4421783
1571788800,489623293.9753879
1571875200,506217741.8739629
1571961600,477758779.94839126
1572048000,496579015.2588624
1572134400,552402385.1363431
1572220800,569429895.6681185
1572307200,583420862.9863471
1572393600,595662911.1125287
1572480000,573765290.1498158
1572566400,544804883.6943661
1572652800,548951987.0249641
1572739200,550979774.4581742
1572825600,548333787.3945096
1572912000,587547222.7190286
1572998400,584495180.1280841
1573084800,585756349.8035985
1573171200,580305833.7346008
1573257600,592038351.9680367
1573344000,591484347.9759493
1573430400,583551587.3258907
1573516800,585979231.7461505
1573603200,599998211.7832402
1573689600,592593633.4671459
1573776000,587105227.1228018
1573862400,575694240.8805383
1573948800,555186471.0273501
1574035200,585460138.1444105
1574121600,598070135.2061316
1574208000,585102188.208658
1574294400,601633116.3240108
1574380800,597071684.6056545
1574467200,559954017.4119239
1574553600,564163476.0515383
1574640000,568998843.6755699
1574726400,578721996.7693081
1574812800,603379484.7384616
1574899200,607124570.9787647
1574985600,653223310.5492003
1575072000,634897504.2632349
1575158400,617051278.3476247
1575244800,600340760.4857087
1575331200,592193516.1754498
1575417600,614182067.1601517
1575504000,610344861.2919161
1575590400,613688167.8662963
1575676800,607469600.1323017
1575763200,608757757.6731168
1575849600,600722214.7221664
1575936000,627156926.1221226
1576022400,613229185.5654513
1576108800,599042597.4496858
1576195200,599496850.9437793
1576281600,610925991.0570111
1576368000,601884303.5316314
1576454400,614679432.285273
1576540800,615456515.807516
1576627200,592036962.6384594
1576713600,556032093.53666
1576800000,587043769.1533422
1576886400,589342939.4322178
1576972800,590879671.1472816
1577059200,597748738.9549823
1577145600,611789300.9836062
1577232000,597599083.1306976
1577318400,591447727.389503
1577404800,588635686.8272275
1577491200,579441129.5631343
1577577600,591870094.478299
1577664000,595757915.5872755
1577750400,607625550.3533473
1577836800,601647511.968705
1577923200,601080389.7048705
1578009600,595701665.7799689
1578096000,603654433.5263643
1578182400,605644563.1001728
1578268800,609228167.7535053
1578355200,622070697.8600057
1578441600,609443867.8359665
1578528000,632765584.3734953
1578614400,589758184.2011104
1578700800,588363207.4747639
1578787200,611430850.5143986
1578873600,593691162.3601564
1578960000,614345982.1009566
1579046400,650082271.2719996
1579132800,711412696.2768486
1579219200,691457528.4915289
1579305600,730907497.5867873
1579392000,718235963.4216796
1579478400,712653214.7742488
1579564800,686443518.3455015
1579651200,720415139.7840569
1579737600,718083698.6268282
1579824000,705520697.5576385
1579910400,696901832.8016953
1579996800,693293788.7184416
1580083200,700449334.8277317
1580169600,726684092.2043664
1580256000,757798081.6080348
1580342400,772714018.1224965
1580428800,774131454.5967227
1580515200,786273604.1430013
1580601600,797270070.9756688
1580688000,818663154.4504108
1580774400,808975107.2985501
1580860800,802015461.1739278
1580947200,835857190.1175022
1581033600,871499493.3538828
1581120000,901576414.1417263
1581206400,908164290.5904964
1581292800,908848577.149772
1581379200,863675860.6513807
1581465600,902346824.926088
1581552000,982585226.8531357
1581638400,1007523524.3503247
1581724800,1041045728.6344833
1581811200,1060961496.2612385
1581897600,1012697222.9498302
1581984000,959209441.201244
1582070400,1010629510.9374988
1582156800,984621651.7251409
1582243200,891581667.8138198
1582329600,921055965.7272487
1582416000,784168205.9669665
1582502400,951179975.5238655
1582588800,958706023.8617958
1582675200,928556327.8008637
1582761600,850336543.1839484
1582848000,843370491.1518905
1582934400,819521432.6930745
1583020800,842085727.6830773
1583107200,834322495.489379
1583193600,826079207.7518187
1583280000,850474467.9822224
1583366400,834090866.4783639
1583452800,852918852.8961802
1583539200,864882374.3635222
1583625600,880730087.0946288
1583712000,835643367.097122
1583798400,765490236.1227705
1583884800,768689028.159333
1583971200,776294270.0351804
1584057600,549007295.6044772
1584144000,520563036.1190209
1584230400,523438883.0048671
1584316800,505318164.79098153
1584403200,429679480.9554741
1584489600,470695795.39537734
1584576000,464421381.59506065
1584662400,498531158.7160604
1584748800,560454629.4909179
1584835200,520020288.2105116
1584921600,511493982.1498498
1585008000,498991330.68750393
1585094400,542827935.9664106
1585180800,542249140.3406209
1585267200,549523630.3157395
1585353600,554264663.1348647
1585440000,539652185.209792
1585526400,537398278.4442495
1585612800,549937434.0030739
1585699200,559557614.4151726
1585785600,565160845.9527857
1585872000,581532622.9889026
1585958400,610435178.1089375
1586044800,599067730.9104669
1586131200,602572744.5827768
1586217600,624774223.3471167
1586304000,677972532.5425781
1586390400,664140554.4379733
1586476800,669751234.6323007
1586563200,622085983.4396987
1586649600,628659110.203086
1586736000,623920184.5516341
1586822400,618872734.6275502
1586908800,626308266.7974291
1586995200,624756937.1605867
1587081600,658344986.4321834
1587168000,669727710.3862331
1587254400,682297965.6290524
1587340800,726751086.6873025
1587427200,707505212.3544858
1587513600,679494709.5351515
1587600000,701532782.0469666
1587686400,714615261.6262256
1587772800,723208731.9421486
1587859200,732685660.2403083
1587945600,738609937.6280032
1588032000,745813056.2851118
1588118400,759538567.8388588
1588204800,804322460.029123
1588291200,796494877.5153859
1588377600,811319988.6077212
1588464000,814925382.2569652
1588550400,831209636.8003753
1588636800,787784890.300764
1588723200,795816685.7405456
1588809600,844871517.4199637
1588896000,819267260.638103
1588982400,843405544.3393039
1589068800,786941866.1127634
1589155200,800291932.5886092
1589241600,717804065.0818418
1589328000,770701450.2948226
1589414400,779400444.2277244
1589500800,801317580.0549858
1589587200,730204822.4179686
1589673600,795703785.9750905
1589760000,810639647.8754978
1589846400,829149790.4216577
1589932800,839030967.1822196
1590019200,853710143.9752427
1590105600,864963900.9347013
1590192000,864865019.7016485
1590278400,953174571.8914033
1590364800,1022368955.2271346
1590451200,998275796.5688627
1590537600,1001428138.9913876
1590624000,1008854637.4490119
1590710400,992544696.5813657
1590796800,1026526811.1821469
1590883200,1085284298.5360277
1590969600,1107811155.2571979
1591056000,1097355360.9563134
1591142400,1135493177.939489
1591228800,1120871316.3187346
1591315200,1134764072.0257466
1591401600,1163552572.37062
1591488000,1166545280.8389928
1591574400,1152880036.5775516
1591660800,1177972613.3123662
1591747200,1167735964.1288695
1591833600,1124715481.3821404
1591920000,1194475663.495934
1592006400,1088759939.4652557
1592092800,1156705938.821498
1592179200,976081930.7249268
1592265600,1108124652.4976227
1592352000,1142895621.3815293
1592438400,1234345837.2839444
1592524800,1417958784.0599384
1592611200,1495584860.5246327
1592697600,1605065342.3820362
1592784000,1690899141.5224106
1592870400,1599731399.695176
1592956800,1767369608.7476242
1593043200,1802930320.7965407
1593129600,1870532223.4608996
1593216000,1900322123.222894
1593302400,1863342003.025791
1593388800,1903832075.6982489
1593475200,1907701760.5982761
1593561600,1809890482.98751
1593648000,1941121665.1235266
1593734400,1954362824.3952007
1593820800,1988946419.1326063
1593907200,2081552204.215606
1593993600,2029708642.0255356
1594080000,2221481012.8878307
1594166400,2260094368.788762
1594252800,2341875335.443672
1594339200,2368315671.55405
1594425600,2372176183.8089685
1594512000,2324058330.331533
1594598400,2428508132.928349
1594684800,2456265997.8599086
1594771200,2399945219.695135
1594857600,2443851344.5188284
1594944000,2435211956.660176
1595030400,2550944272.0978036
1595116800,2409866897.3854513
1595203200,2739541765.906979
1595289600,2847470958.7227845
1595376000,3022541845.8849726
1595462400,3288814896.300848
1595548800,3455909829.832612
1595635200,3747421219.8573484
1595721600,3851961085.319612
1595808000,3737899200.0349927
1595894400,3509271052.6398315
1595980800,3468213470.290227
1596067200,3527874601.7110367
1596153600,3607635968.8912888
1596240000,3783032183.9792066
1596326400,4012725483.315502
1596412800,3974158299.567088
1596499200,4155151669.712873
1596585600,4174504079.352011
1596672000,4355361570.334172
1596758400,3307304604.424455
1596844800,4343480934.349129
1596931200,4387518932.27728
1597017600,4523048402.1949625
1597104000,4591601272.439984
1597190400,4534648070.808189
1597276800,4506915090.776316
1597363200,4692863144.388844
1597449600,5172787337.657143
1597536000,5840170333.406019
1597622400,5959857160.014763
1597708800,6247862649.643932
1597795200,6319887086.100442
1597881600,6363291922.1676235
1597968000,6626860126.70782
1598054400,6692436057.288719
1598140800,6582216675.040669
1598227200,6713909740.003941
1598313600,6825525439.96108
1598400000,7041882649.002876
1598486400,7266412955.542875
1598572800,7467672032.752029
1598659200,7831778317.781153
1598745600,8240029668.704072
1598832000,8739639828.279623
1598918400,9107396812.922625
1599004800,9955576605.3514
1599091200,9700851524.528137
1599177600,9738773294.058487
1599264000,9627338815.845808
1599350400,8259204405.317832
1599436800,8471414153.622037
1599523200,7598634243.794062
1599609600,7538064180.848812
1599696000,7726857442.779343
1599782400,8396068762.454197
1599868800,8457882178.369798
1599955200,8613721462.086096
1600041600,8473883157.552347
1600128000,8585867813.878293
1600214400,8534394905.849343
1600300800,8205432263.8051195
1600387200,8711060836.659725
1600473600,9108941216.61723
1600560000,9603620407.220505
1600646400,10064976282.266726
1600732800,9537986746.909962
1600819200,9478166450.912746
1600905600,9557488868.628305
1600992000,9678794865.510563
1601078400,10057653519.628817
1601164800,11022119977.096577
1601251200,10935356766.899515
1601337600,11086850004.716597
1601424000,10945153574.741146
1601510400,10738767944.177694
1601596800,10804497378.072933
1601683200,10319020329.08981
1601769600,10495397442.971865
1601856000,10425538554.013687
1601942400,10278097238.703629
1602028800,9940501441.650347
1602115200,9641249038.075182
1602201600,9740627832.032381
1602288000,10174531014.595978
1602374400,10487620871.418776
1602460800,10479504712.52254
1602547200,10507425687.92887
1602633600,10562556747.253891
1602720000,10516285314.268154
1602806400,10401365406.774763
1602892800,10187095746.206684
1602979200,10155505171.331852
1603065600,10220292631.285402
1603152000,10265784247.776215
1603238400,10043653115.338474
1603324800,10103874976.333862
1603411200,10209792388.182293
1603497600,10375885653.652496
1603584000,10478578393.0978
1603670400,11519212337.772747
1603756800,10759492123.103888
1603843200,10771064593.697475
1603929600,10738417748.62178
1604016000,10753755997.396269
1604102400,11252535149.484497
1604188800,11493282445.249971
1604275200,11490953144.602863
1604361600,11432658303.051016
1604448000,11366589252.405125
1604534400,11458970491.342197
1604620800,11707961176.485174
1604707200,12346207430.35948
1604793600,12401575661.104916
1604880000,12573417456.791773
1604966400,13067398199.203127
1605052800,13235741629.591301
1605139200,13745047191.116056
1605225600,13533335151.936373
1605312000,13874394814.79469
1605398400,13698351540.429495
1605484800,13678761235.539722
1605571200,13763052844.807476
1605657600,13464754938.026735
1605744000,13553623389.372374
1605830400,13527072121.722698
1605916800,14239167181.907875
1606003200,14177921021.007925
1606089600,14228893127.714987
1606176000,14341412331.925442
1606262400,14426165044.399622
1606348800,14321889303.032907
1606435200,13077368185.455956
1606521600,12939491896.518736
1606608000,13333285690.875923
1606694400,13892632708.654667
1606780800,14609518754.625353
1606867200,14690765784.179348
1606953600,14747975098.246355
1607040000,15094871738.781645
1607126400,14640537630.9205
1607212800,14865236503.522163
1607299200,14965756561.962324
1607385600,15024125940.861897
1607472000,14668644271.052885
1607558400,14571595597.767542
1607644800,14430517208.534788
1607731200,14095419864.334875
1607817600,14708323269.040455
1607904000,15192009110.5985
1607990400,15209396863.424044
1608076800,15552227881.018444
1608163200,15633884359.007761
1608249600,16248408386.730316
1608336000,16199668162.709637
1608422400,16811674234.125101
1608508800,16611017863.854326
1608595200,16023343465.095575
1608681600,16411282972.565998
1608768000,16795075576.654692
1608854400,16463404058.281536
1608940800,17197510974.354202
1609027200,17448060710.105137
1609113600,17581501803.603237
1609200000,17450576504.934032
1609286400,18615686999.646564
1609372800,17701877317.51701
1609459200,18064079347.486904
1609545600,18107863067.60281
1609632000,18471875001.053883
1609718400,20290843024.17608
1609804800,21185222153.12902
1609891200,23180226392.25364
1609977600,24720449173.166714
1610064000,25479821871.318165
1610150400,26155443280.356705
1610236800,26094641702.979294
1610323200,26473839607.199417
1610409600,23380542732.00841
1610496000,23973555779.58237
1610582400,24889136412.12441
1610668800,26113343174.71559
1610755200,25803266058.585686
1610841600,26796365023.84424
1610928000,26950424984.670822
1611014400,26902314590.420162
1611100800,28777294434.35937
1611187200,27528335783.693382
1611273600,25782340952.729855
1611360000,26753357296.7935
1611446400,27722732031.725933
1611532800,29740756031.981163
1611619200,30452684169.301186
1611705600,30001596693.35077
1611792000,29235841064.134415
1611878400,30750573055.329834
1611964800,32265008467.56509
1612051200,32232530970.790653
1612137600,32376064642.417343
1612224000,32808323589.594555
1612310400,34686967383.41111
1612396800,38418683296.809204
1612483200,39880619144.198654
1612569600,42206668119.33506
1612656000,42545990816.30911
1612742400,41502426347.67654
1612828800,44072676071.4116
1612915200,46384374655.67455
1613001600,47806613552.51915
1613088000,49027450895.32102
1613174400,50012210634.30826
1613260800,48284103938.892044
1613347200,49808274542.31842
1613433600,49328438667.7581
1613520000,50434800396.788414
1613606400,51512599991.10799
1613692800,53470333836.89802
1613779200,54987488963.6174
1613865600,58755057453.05688
1613952000,58832074340.90436
1614038400,55348371439.39163
1614124800,48243555478.068954
1614211200,52033954549.037926
1614297600,51245881256.87105
1614384000,48584619884.66117
1614470400,49335426220.177246
1614556800,47722000918.22518
1614643200,51495482652.21035
1614729600,52040994348.84494
1614816000,54671778428.2206
1614902400,53483553460.67357
1614988800,52587527809.2145
1615075200,53771858406.98669
1615161600,51748466529.69108
1615248000,52964245424.53149
1615334400,56388151465.28961
1615420800,57405475642.71856
1615507200,57928545771.21459
1615593600,59149678395.023834
1615680000,63006591873.91659
1615766400,63014776861.76749
1615852800,53867229471.65523
1615939200,60858408681.73045
1616025600,62143108970.99565
1616112000,56784060781.42743
1616198400,64955424940.392586
1616284800,66765269033.767975
1616371200,57743117037.74769
1616457600,64597528567.48936
1616544000,62227449768.19819
1616630400,63302233838.194954
1616716800,54494679411.33558
1616803200,64212106932.92212
1616889600,58830410751.92489
1616976000,66329584531.42389
1617062400,62777511709.695694
1617148800,72712230537.7346
1617235200,65076285314.65008
1617321600,75284181566.20836
1617408000,70840639335.02466
1617494400,84813126067.94887
1617580800,76589575758.3858
1617667200,81885795110.98788
1617753600,92404384034.41885
1617840000,78925121507.99983
1617926400,90146620899.98364
1618012800,84187962837.52374
1618099200,95765107069.50328
1618185600,85886688427.68831
1618272000,87275733779.19577
1618358400,101707983537.79076
1618444800,96540284013.50243
1618531200,98403212182.99358
1618617600,109598903174.30833
1618704000,110393245172.67987
1618790400,92295382829.82408
1618876800,103572284810.40273
1618963200,104798039135.69406
1619049600,105633833521.93202
1619136000,98539169498.12868
1619222400,104487291639.64049
1619308800,104373820947.67596
1619395200,107591525893.3141
1619481600,118040730211.06512
1619568000,123181413229.47307
1619654400,127104891268.41617
1619740800,127079987355.81293
1619827200,129549829059.93192
1619913600,134289306187.71196
1620000000,133587522828.28702
1620086400,141804565079.8765
1620172800,135220198582.43938
1620259200,146828529698.55823
1620345600,138845150519.50076
1620432000,140573433718.5349
1620518400,142853681004.0076
1620604800,156961902113.11707
1620691200,144717138410.98956
1620777600,151644460170.93665
1620864000,154071882255.0688
1620950400,152101399380.05505
1621036800,151565535696.2444
1621123200,148319077946.9606
1621209600,144965884666.58084
1621296000,142411118201.30676
1621382400,121116105664.5655
1621468800,109733831723.30644
1621555200,101115212790.12164
1621641600,102919356898.89755
1621728000,91304387076.06102
1621814400,91407340198.92564
1621900800,99657041381.91466
1621987200,104678258840.26578
1622073600,110018780636.65865
1622160000,106288304272.33003
1622246400,100308186555.61893
1622332800,102543565285.00829
1622419200,108169272162.19719
1622505600,110223871840.51642
1622592000,113359797695.33
1622678400,119772524693.0296
1622764800,119536671481.62729
1622851200,114593513261.20714
1622937600,118339593835.05768
1623024000,119133909651.70558
1623110400,118643608593.0594
1623196800,117888408158.70251
1623283200,119495651947.79965
1623369600,118014010218.37715
1623456000,116000750154.94046
1623542400,116341732507.67323
1623628800,122001714791.79794
1623715200,125309857415.01108
1623801600,121533079331.10732
1623888000,119391278607.14493
1623974400,116295831491.90501
1624060800,113528564858.04
1624147200,112836805728.71774
1624233600,103571250406.74559
1624320000,98064664786.73491
1624406400,98304373641.1535
1624492800,101619640207.01318
1624579200,101594029595.26273
1624665600,99078074502.52127
1624752000,99110676813.87038
1624838400,104550253261.72693
1624924800,107426552494.92705
1625011200,110620232928.59982
1625097600,109496446215.71138
1625184000,109909730882.48276
1625270400,110856050111.89024
1625356800,114963837469.8033
1625443200,116592590790.4792
1625529600,116688591578.4593
1625616000,120154200950.2014
1625702400,121006215735.86153
1625788800,118754466370.03474
1625875200,117729541207.06071
1625961600,119193786358.89459
1626048000,118073997766.98044
1626134400,114665257016.17403
1626220800,113504358513.54613
1626307200,111594563896.68709
1626393600,109520309100.08383
1626480000,109146180090.48874
1626566400,110528287939.56258
1626652800,108959727721.85014
1626739200,106809495718.75069
1626825600,107537053900.42879
1626912000,112038984503.67587
1626998400,113808440200.7473
1627084800,116350002484.03062
1627171200,117963522593.7365
1627257600,120153492852.6753
1627344000,120413247156.57098
1627430400,121692599884.13327
1627516800,122727540300.72954
1627603200,124785125720.84045
1627689600,126873265405.617
1627776000,128092328650.56602
1627862400,128787002088.90445
1627948800,127879326706.47705
1628035200,129210881271.15422
1628121600,133933260985.45036
1628208000,136313917141.48598
1628294400,137843253039.44904
1628380800,141896171958.116
1628467200,142754639251.13824
1628553600,145439858011.6719
1628640000,143731510660.90686
1628726400,145170782432.07486
1628812800,148329319556.69327
1628899200,151113651226.95624
1628985600,152720998256.83182
1629072000,152639114270.6693
1629158400,151089250407.20975
1629244800,151025895124.41107
1629331200,153696965096.53296
1629417600,158231911625.6535
1629504000,161206693854.8186
1629590400,160817059675.98926
1629676800,163541684406.5905
1629763200,163238807893.15933
1629849600,157989750884.61343
1629936000,159440716625.76355
1630022400,160742528974.14655
1630108800,164328632174.19452
1630195200,164869780648.5366
1630281600,163524769849.2393
1630368000,165088026041.0246
1630454400,171260845025.014
1630540800,179414831872.3934
1630627200,181023095573.24075
1630713600,180565438063.13864
1630800000,185341612472.58652
1630886400,187826974783.8759
1630972800,179303321060.8839
1631059200,174122564947.16925
1631145600,174820226645.91058
1631232000,174801810171.70078
1631318400,173115252237.3521
1631404800,179015565410.0813
1631491200,179350731620.74844
1631577600,179012381050.5006
1631664000,184803714909.8869
1631750400,185608199901.4881
1631836800,183173027770.4282
1631923200,183785495479.0821
1632009600,183423057961.41754
1632096000,172359950521.4184
1632182400,160103833152.68796
1632268800,164476936345.17273
1632355200,171614328550.6693
1632441600,170567456584.11407
1632528000,167990444644.54453
1632614400,168499340354.2342
1632700800,169662679126.00198
1632787200,165818960437.0172
1632873600,164285113485.95776
1632960000,168134289170.8503
1633046400,175951796098.2781
1633132800,182187661056.62744
1633219200,185666098955.4765
1633305600,186430285449.57718
1633392000,188349568800.08044
1633478400,190209926787.0067
1633564800,191181114216.8114
1633651200,194806926034.20026
1633737600,195444297874.49033
1633824000,196386550138.5223
1633910400,193138604996.80588
1633996800,195409059235.73117
1634083200,197440766263.38086
1634169600,201907416028.46124
1634256000,205768828020.30008
1634342400,209080629749.75726
1634428800,208914986946.4563
1634515200,209657021060.26312
1634601600,206851918288.64243
1634688000,211711486207.8931
1634774400,222195086666.9681
1634860800,219616663521.97397
1634947200,216941476450.80325
1635033600,223248862299.8096
1635120000,221909908308.49304
1635206400,227864416597.17706
1635292800,225233639619.66394
1635379200,217532218724.5506
1635465600,227509280454.98727
1635552000,220424030724.69382
1635638400,221420598906.63025
1635724800,223927489268.13342
1635811200,226309874517.67798
1635897600,234478083000.0714
1635984000,237228981824.65793
1636070400,237572589709.56207
1636156800,236203788037.38278
1636243200,240349636824.46027
1636329600,246542387365.0945
1636416000,251588975562.96686
1636502400,249119859256.5063
1636588800,244361140068.5834
1636675200,247935924603.8159
1636761600,247161441087.36453
1636848000,248081199255.3722
1636934400,249305839887.66138
1637020800,244119468181.01962
1637107200,233892856487.65817
1637193600,237462051422.96335
1637280000,228309701116.179
1637366400,239762152992.83035
1637452800,245315848410.37143
1637539200,241647271407.34457
1637625600,236722659983.32693
1637712000,243737604258.66702
1637798400,243083109219.4591
1637884800,248382223912.9287
1637971200,233023795368.68484
1638057600,234597359807.7506
1638144000,243095036826.40668
1638230400,248898365371.65067
1638316800,253823737290.5608
1638403200,255074360558.12283
1638489600,252589466666.9393
1638576000,241439363346.51022
1638662400,231592003229.934
1638748800,229762446067.78125
1638835200,235805895705.61307
1638921600,228590251764.71732
1639008000,241203052046.85992
1639094400,230445589506.28513
1639180800,223587922194.4817
1639267200,227865356398.6367
1639353600,230454007306.7112
1639440000,218548317215.69662
1639526400,221431743632.77338
1639612800,228399777405.92197
1639699200,227033037674.95148
1639785600,225973244158.66815
1639872000,228409956471.8379
1639958400,230798665233.23145
1640044800,232190720340.45642
1640131200,239555633738.9137
1640217600,238937742244.12628
1640304000,247254377607.94418
1640390400,246661926778.07263
1640476800,247882318237.63538
1640563200,249941471759.2445
1640649600,246523995844.36984
1640736000,238994790374.94012
1640822400,235329870325.87454
1640908800,237301926873.7709
1640995200,238433626804.80066
1641081600,243307456974.53094
1641168000,245031711772.98004
1641254400,244290861030.80902
1641340800,245799556741.89575
1641427200,238221808315.51334
1641513600,234002801943.94086
1641600000,226191342694.65366
1641686400,222144567449.4354
1641772800,223474412030.54535
1641859200,220081458420.83487
1641945600,226917766382.79413
1642032000,233101621765.7881
1642118400,230124085230.45602
1642204800,232516368910.64938
1642291200,232329129427.54926
1642377600,233663440700.9534
1642464000,227915525312.06516
1642550400,224106607462.9202
1642636800,223218736667.51846
1642723200,223681782222.21838
1642809600,200296188926.54535
1642896000,193236030956.25104
1642982400,197486351614.82083
1643068800,193057278308.00403
1643155200,193745561873.9778
1643241600,194863485605.91684
1643328000,184941877681.43353
1643414400,185412016232.85526
1643500800,187602798367.1622
1643587200,184575485473.15842
1643673600,189505673370.10886
1643760000,192518983660.08923
1643846400,187215796028.51993
1643932800,188882736205.49814
1644019200,198682361695.54764
1644105600,201871287526.80298
1644192000,198826762779.61896
1644278400,203296189108.77817
1644364800,207965439269.17804
1644451200,211882578122.8271
1644537600,206844802027.79456
1644624000,201736516322.69714
1644710400,201877714492.95633
1644796800,199975696194.94492
1644883200,200658546014.7123
1644969600,209866512104.1083
1645056000,209129674764.66895
1645142400,200779713055.04224
1645228800,189738868130.25797
1645315200,189272772996.72034
1645401600,185405972916.87787
1645488000,184761099975.9185
1645574400,186609202755.6441
1645660800,187322284596.56796
1645747200,179942158832.3989
1645833600,186249682691.46063
1645920000,188246334793.3144
1646006400,182925289382.43784
1646092800,194837576888.2337
1646179200,196144881833.12024
1646265600,197483858629.82532
1646352000,188997260530.43066
1646438400,182788214448.82202
1646524800,185985562560.12897
1646611200,179887728210.4234
1646697600,179634736173.76865
1646784000,184313230580.80478
1646870400,190125673343.39508
1646956800,186436525770.02063
1647043200,184970396018.70624
1647129600,185190903964.4136
1647216000,182903959397.20786
1647302400,189186473648.28284
1647388800,191581099983.6333
1647475200,192102814986.27588
1647561600,192595069747.92236
1647648000,205736712144.5331
1647734400,206596354822.16565
1647820800,203884129112.3053
1647907200,212253354509.19763
1647993600,214427583690.8264
1648080000,216822119311.97958
